"scientificName","coordinateUncertaintyInMeters","publishingCountry","stateProvince","year","references","gbifID","Species_name","Latitude_WGS84","Longitude_WGS84","Id","Long_m","Lat_m"
"Anaxyrus boreas (Baird & Girard, 1852)",5,"CA","Alberta",2024,"https://www.inaturalist.org/observations/212993489",4863590933,"Western toad",53.646694,-112.824921,0,-1061764.61770215,1700384.04476572
"Anaxyrus boreas (Baird & Girard, 1852)",6,"CA","Alberta",2024,"https://www.inaturalist.org/observations/213890634",4855305467,"Western toad",53.067603,-114.828383,0,-1199891.83395727,1658200.7831095
"Anaxyrus boreas (Baird & Girard, 1852)",3,"CA","Alberta",2024,"https://www.inaturalist.org/observations/215019492",4863570933,"Western toad",51.163353,-115.70565,0,-1300863.53416637,1452151.55951868
"Anaxyrus boreas (Baird & Girard, 1852)",3,"CA","Alberta",2024,"https://www.inaturalist.org/observations/215019710",4863574114,"Western toad",51.160161,-115.701788,0,-1300689.35055163,1451733.02184548
"Anaxyrus boreas boreas",9,"US","Alberta",2024,"https://www.inaturalist.org/observations/215222068",4863927405,"Western toad",53.624417,-112.920913,0,-1068216.96840307,1698918.60148537
"Anaxyrus boreas boreas",669,"CA","Alberta",2024,"https://www.inaturalist.org/observations/215364564",4863804080,"Western toad",52.001816,-116.691288,0,-1343696.60649117,1561692.32300425
"Anaxyrus boreas boreas",9,"CA","Alberta",2024,"https://www.inaturalist.org/observations/218523498",4872284362,"Western toad",54.191238,-113.5253,0,-1093869.28114132,1770418.0255908
"Anaxyrus boreas (Baird & Girard, 1852)",4,"CA","Alberta",2024,"https://www.inaturalist.org/observations/220045843",4875561014,"Western toad",53.066325,-114.828567,0,-1199932.72974963,1658057.41475659
"Anaxyrus boreas (Baird & Girard, 1852)",174,"CA","Alberta",2024,"https://www.inaturalist.org/observations/222132570",4901132247,"Western toad",53.566958,-113.829287,0,-1126149.05033469,1702875.89532344
"Anaxyrus boreas (Baird & Girard, 1852)",201,"US","Alberta",2024,"https://www.inaturalist.org/observations/222376118",4921465318,"Western toad",53.596191,-112.858496,0,-1064897.67556811,1694992.96176585
"Anaxyrus boreas (Baird & Girard, 1852)",174,"CA","Alberta",2024,"https://www.inaturalist.org/observations/222555504",4901010558,"Western toad",53.568042,-113.829051,0,-1126110.79863817,1702996.67937163
"Anaxyrus boreas (Baird & Girard, 1852)",4,"CA","Alberta",2024,"https://www.inaturalist.org/observations/223369983",4901194365,"Western toad",53.681945,-114.650703,0,-1174767.95997852,1725940.31365506
"Anaxyrus boreas (Baird & Girard, 1852)",3,"CA","Alberta",2024,"https://www.inaturalist.org/observations/223377304",4901101243,"Western toad",53.681683,-114.644737,0,-1174402.97210627,1725836.58675348
"Anaxyrus boreas (Baird & Girard, 1852)",3,"CA","Alberta",2024,"https://www.inaturalist.org/observations/223901600",4901228442,"Western toad",55.348316,-114.747182,0,-1142931.13710006,1915956.37458247
"Anaxyrus boreas (Baird & Girard, 1852)",6,"CA","Alberta",2024,"https://www.inaturalist.org/observations/224452356",4901765799,"Western toad",53.597443,-116.344107,0,-1281946.95386067,1738285.37267606
"Anaxyrus boreas (Baird & Girard, 1852)",4,"CA","Alberta",2024,"https://www.inaturalist.org/observations/224781104",4901188715,"Western toad",51.04817,-114.867058,0,-1248919.29319554,1427668.72805235
"Anaxyrus boreas boreas",8,"CA","Alberta",2024,"https://www.inaturalist.org/observations/224792200",4901893400,"Western toad",53.711135,-114.66925,0,-1175258.56327216,1729490.69663409
"Anaxyrus boreas (Baird & Girard, 1852)",2,"US","Alberta",2024,"https://www.inaturalist.org/observations/224990998",4901314279,"Western toad",51.153396,-115.61344,0,-1295103.01962246,1449748.62972693
"Anaxyrus boreas (Baird & Girard, 1852)",177,"US","Alberta",2024,"https://www.inaturalist.org/observations/225370899",4904216944,"Western toad",51.076574,-115.053582,0,-1260436.65152545,1433396.41797564
"Anaxyrus boreas (Baird & Girard, 1852)",5,"US","Alberta",2024,"https://www.inaturalist.org/observations/225398572",4904259287,"Western toad",50.928882,-115.164463,0,-1271144.03830687,1417933.67103989
"Anaxyrus boreas (Baird & Girard, 1852)",592,"US","Alberta",2024,"https://www.inaturalist.org/observations/225421076",4904043363,"Western toad",56.207807,-119.358793,0,-1394871.77764709,2073990.80703288
"Anaxyrus boreas (Baird & Girard, 1852)",4,"CA","Alberta",2024,"https://www.inaturalist.org/observations/225438306",4904226225,"Western toad",53.158589,-117.466942,0,-1362963.26865129,1704211.28556127
"Anaxyrus boreas (Baird & Girard, 1852)",174,"CA","Alberta",2024,"https://www.inaturalist.org/observations/225845422",4904143675,"Western toad",53.567851,-113.829094,0,-1126117.62694793,1702975.41417298
"Anaxyrus boreas (Baird & Girard, 1852)",7,"US","Alberta",2024,"https://www.inaturalist.org/observations/226338840",4903993740,"Western toad",50.867923,-115.343116,0,-1284276.38677658,1413348.50313269
"Anaxyrus boreas (Baird & Girard, 1852)",7,"US","Alberta",2024,"https://www.inaturalist.org/observations/253193702",4987671012,"Western toad",55.425161,-114.824008,0,-1145808.95794293,1925553.22722313
"Anaxyrus boreas (Baird & Girard, 1852)",10,"LU","Alberta",2024,"https://www.inaturalist.org/observations/226731349",4908595826,"Western toad",51.18135,-115.583225,0,-1292465.3171128,1452538.23215126
"Anaxyrus boreas (Baird & Girard, 1852)",174,"CA","Alberta",2024,"https://www.inaturalist.org/observations/226799540",4908689432,"Western toad",53.567086,-113.829201,0,-1126140.90505925,1702889.46708985
"Anaxyrus boreas (Baird & Girard, 1852)",4,"CA","Alberta",2024,"https://www.inaturalist.org/observations/226992350",4908347672,"Western toad",51.198453,-115.480775,0,-1285391.04286233,1453104.4821024
"Anaxyrus boreas (Baird & Girard, 1852)",7,"CA","Alberta",2024,"https://www.inaturalist.org/observations/227004772",4909150081,"Western toad",54.440687,-118.071267,0,-1366350.45854971,1857654.72136796
"Anaxyrus boreas (Baird & Girard, 1852)",15,"CA","Alberta",2024,"https://www.inaturalist.org/observations/227317286",4908320930,"Western toad",52.5129,-116.193445,0,-1299261.35126303,1612981.75584538
"Anaxyrus boreas (Baird & Girard, 1852)",4,"CA","Alberta",2024,"https://www.inaturalist.org/observations/227805583",4908908820,"Western toad",54.33537,-112.913442,0,-1053133.09583662,1779891.9692386
"Anaxyrus boreas (Baird & Girard, 1852)",124,"CA","Alberta",2024,"https://www.inaturalist.org/observations/228123280",4909277332,"Western toad",54.484556,-118.122056,0,-1368264.702541,1863321.35480899
"Anaxyrus boreas (Baird & Girard, 1852)",614,"CA","Alberta",2024,"https://www.inaturalist.org/observations/228150079",4908425034,"Western toad",53.17455,-114.459515,0,-1174279.59906865,1665776.36338772
"Anaxyrus boreas (Baird & Girard, 1852)",35,"CA","Alberta",2024,"https://www.inaturalist.org/observations/228150203",4908833716,"Western toad",53.174115,-114.460065,0,-1174323.92768613,1665733.56692927
"Anaxyrus boreas (Baird & Girard, 1852)",35,"CA","Alberta",2024,"https://www.inaturalist.org/observations/228150322",4908266446,"Western toad",53.174114,-114.46007,0,-1174324.26421989,1665733.51482221
"Anaxyrus boreas (Baird & Girard, 1852)",3,"US","Alberta",2024,"https://www.inaturalist.org/observations/228379629",4908485928,"Western toad",55.248463,-114.166672,0,-1110170.85459787,1897779.60949102
"Anaxyrus boreas (Baird & Girard, 1852)",6,"US","Alberta",2024,"https://www.inaturalist.org/observations/228865553",4909056826,"Western toad",53.386194,-117.588148,0,-1364554.95625963,1731722.84507961
"Anaxyrus boreas boreas",8,"CA","Alberta",2024,"https://www.inaturalist.org/observations/228963235",4908463110,"Western toad",53.471768,-117.795564,0,-1375170.10684368,1744398.17847128
"Anaxyrus boreas (Baird & Girard, 1852)",101,"CA","Alberta",2024,"https://www.inaturalist.org/observations/228963932",4908564430,"Western toad",53.472736,-117.793877,0,-1375039.93863978,1744483.13800423
"Anaxyrus boreas (Baird & Girard, 1852)",3,"CA","Alberta",2024,"https://www.inaturalist.org/observations/229687255",4908980706,"Western toad",50.925925,-115.186692,0,-1272667.88577189,1417892.66497213
"Anaxyrus boreas (Baird & Girard, 1852)",6,"US","Alberta",2024,"https://www.inaturalist.org/observations/229993740",4910963730,"Western toad",50.87412,-115.145758,0,-1271206.87982186,1411399.39250783
"Anaxyrus boreas (Baird & Girard, 1852)",3,"CA","Alberta",2024,"https://www.inaturalist.org/observations/230378801",4910965856,"Western toad",55.620195,-114.629412,0,-1129738.8951647,1945207.71592661
"Anaxyrus boreas (Baird & Girard, 1852)",6,"ES","Alberta",2024,"https://www.inaturalist.org/observations/230494609",4911132849,"Western toad",51.24589,-115.840192,0,-1307608.94433518,1463452.02850257
"Anaxyrus boreas (Baird & Girard, 1852)",4,"CA","Alberta",2024,"https://www.inaturalist.org/observations/231276270",4919183017,"Western toad",52.752445,-117.180978,0,-1355581.93137783,1654050.62227221
"Anaxyrus boreas (Baird & Girard, 1852)",4,"CA","Alberta",2024,"https://www.inaturalist.org/observations/231980225",4919374635,"Western toad",53.174187,-114.4599,0,-1174311.94486326,1665739.73422122
"Anaxyrus boreas (Baird & Girard, 1852)",34,"CA","Alberta",2024,"https://www.inaturalist.org/observations/232437255",4919694023,"Western toad",53.174199,-114.45983,0,-1174307.27838413,1665740.23564131
"Anaxyrus boreas (Baird & Girard, 1852)",3,"CA","Alberta",2024,"https://www.inaturalist.org/observations/236003693",4926080364,"Western toad",53.567283,-113.830938,0,-1126245.04676345,1702932.56244278
"Anaxyrus boreas (Baird & Girard, 1852)",31,"CA","Alberta",2024,"https://www.inaturalist.org/observations/238606675",4936826297,"Western toad",51.048061,-114.867232,0,-1248933.18184998,1427658.51101716
"Anaxyrus boreas boreas",5,"CA","Alberta",2024,"https://www.inaturalist.org/observations/242418755",4950405147,"Western toad",52.453094,-117.428567,0,-1378974.04549841,1623626.40489975
"Anaxyrus boreas (Baird & Girard, 1852)",3,"CA","Alberta",2024,"https://www.inaturalist.org/observations/233226051",4921834696,"Western toad",53.17398,-114.459612,0,-1174298.51203196,1665712.55936828
"Anaxyrus boreas (Baird & Girard, 1852)",4,"CA","Alberta",2024,"https://www.inaturalist.org/observations/233226073",4921627755,"Western toad",53.174192,-114.459642,0,-1174295.62790401,1665737.10851257
"Anaxyrus boreas (Baird & Girard, 1852)",3,"CA","Alberta",2024,"https://www.inaturalist.org/observations/233226128",4921589511,"Western toad",53.174245,-114.46025,0,-1174332.6230963,1665750.68445417
"Anaxyrus boreas (Baird & Girard, 1852)",23,"CA","Alberta",2024,"https://www.inaturalist.org/observations/233563246",4921558285,"Western toad",53.771666,-114.957387,0,-1191762.20729691,1739970.07941821
"Anaxyrus boreas (Baird & Girard, 1852)",23,"CA","Alberta",2024,"https://www.inaturalist.org/observations/233563272",4921884980,"Western toad",53.772302,-114.958103,0,-1191791.96684415,1740051.35979311
"Anaxyrus boreas (Baird & Girard, 1852)",23,"CA","Alberta",2024,"https://www.inaturalist.org/observations/233563410",4921504789,"Western toad",53.77154,-114.957249,0,-1191756.55014333,1739954.02508085
"Anaxyrus boreas (Baird & Girard, 1852)",48,"CA","Alberta",2024,"https://www.inaturalist.org/observations/233563496",4921930207,"Western toad",53.771459,-114.957166,0,-1191753.26780985,1739943.77627005
"Anaxyrus boreas (Baird & Girard, 1852)",7,"CA","Alberta",2024,"https://www.inaturalist.org/observations/233634931",4921856625,"Western toad",53.597458,-116.344028,0,-1281941.68178989,1738286.00508699
"Anaxyrus boreas (Baird & Girard, 1852)",23,"CA","Alberta",2024,"https://www.inaturalist.org/observations/233751408",4921830301,"Western toad",53.771789,-114.95757,0,-1191770.72463247,1739986.3585333
"Anaxyrus boreas (Baird & Girard, 1852)",86,"CA","Alberta",2024,"https://www.inaturalist.org/observations/234014425",4921862691,"Western toad",51.048058,-114.8649,0,-1248780.92571071,1427627.44547909
"Anaxyrus boreas (Baird & Girard, 1852)",46,"CA","Alberta",2024,"https://www.inaturalist.org/observations/234052410",4921808305,"Western toad",53.773617,-114.960063,0,-1191883.23983813,1740225.44537118
"Anaxyrus boreas (Baird & Girard, 1852)",23,"CA","Alberta",2024,"https://www.inaturalist.org/observations/234052434",4921918039,"Western toad",53.771488,-114.957141,0,-1191751.04918745,1739946.75774025
"Anaxyrus boreas (Baird & Girard, 1852)",66,"CA","Alberta",2024,"https://www.inaturalist.org/observations/234072801",4921808336,"Western toad",51.033439,-114.792763,0,-1244405.66613875,1425000.928413
"Anaxyrus boreas (Baird & Girard, 1852)",4,"CA","Alberta",2024,"https://www.inaturalist.org/observations/234802088",4923746848,"Western toad",53.158553,-117.467103,0,-1362974.25502022,1704209.52222205
"Anaxyrus boreas (Baird & Girard, 1852)",13,"US","Alberta",2024,"https://www.inaturalist.org/observations/235746785",4925963014,"Western toad",51.027278,-115.035819,0,-1260428.55736054,1427504.98981001
"Anaxyrus boreas boreas",2,"US","Alberta",2024,"https://www.inaturalist.org/observations/235851849",4926175464,"Western toad",54.11421,-114.705558,0,-1168357.24805892,1775745.81598154
"Anaxyrus boreas boreas",13,"US","Alberta",2024,"https://www.inaturalist.org/observations/235856151",4925859523,"Western toad",54.111365,-114.703834,0,-1168315.53862832,1775401.55266091
"Anaxyrus boreas (Baird & Girard, 1852)",7,"US","Alberta",2024,"https://www.inaturalist.org/observations/235977219",4925976535,"Western toad",51.027217,-115.035897,0,-1260435.07694378,1427499.02832717
"Anaxyrus boreas (Baird & Girard, 1852)",15,"US","Alberta",2024,"https://www.inaturalist.org/observations/236162195",4926199578,"Western toad",52.845525,-114.970133,0,-1213940.49648289,1634680.73633077
"Anaxyrus boreas (Baird & Girard, 1852)",313,"CA","Alberta",2024,"https://www.inaturalist.org/observations/236609376",4946351834,"Western toad",53.772335,-114.651998,0,-1172799.1134545,1736237.47688251
"Anaxyrus boreas (Baird & Girard, 1852)",208,"CA","Alberta",2024,"https://www.inaturalist.org/observations/236630379",4925961617,"Western toad",53.173671,-114.461179,0,-1174403.8833509,1665696.73124421
"Anaxyrus boreas (Baird & Girard, 1852)",12,"US","Alberta",2024,"https://www.inaturalist.org/observations/236963867",4925884550,"Western toad",51.080538,-115.377395,0,-1281466.78257367,1438192.2826104
"Anaxyrus boreas (Baird & Girard, 1852)",444,"CA","Alberta",2024,"https://www.inaturalist.org/observations/236980209",4926172733,"Western toad",50.873023,-115.149024,0,-1271446.55229636,1411317.30927211
"Anaxyrus boreas (Baird & Girard, 1852)",4,"CA","Alberta",2024,"https://www.inaturalist.org/observations/237315396",4936745843,"Western toad",54.072237,-113.296015,0,-1082218.06459135,1754240.80595118
"Anaxyrus boreas boreas",35,"CA","Alberta",2024,"https://www.inaturalist.org/observations/238094899",4937003488,"Western toad",53.174132,-114.459987,0,-1174318.64627076,1665734.5394646
"Anaxyrus boreas (Baird & Girard, 1852)",280,"CA","Alberta",2024,"https://www.inaturalist.org/observations/238953354",4936615188,"Western toad",50.797557,-114.911505,0,-1257638.92547834,1399486.01655891
"Anaxyrus boreas boreas",111,"CA","Alberta",2024,"https://www.inaturalist.org/observations/241479665",4946337068,"Western toad",53.603167,-114.803012,0,-1186036.96157605,1718874.68118873
"Anaxyrus boreas (Baird & Girard, 1852)",4,"US","Alberta",2024,"https://www.inaturalist.org/observations/241230658",4946705765,"Western toad",51.080242,-115.383263,0,-1281856.45903231,1438237.68712144
"Anaxyrus boreas (Baird & Girard, 1852)",7,"US","Alberta",2024,"https://www.inaturalist.org/observations/241723985",4946143336,"Western toad",53.489755,-114.688482,0,-1181485.12025007,1704537.63260242
"Anaxyrus boreas (Baird & Girard, 1852)",4,"CA","Alberta",2024,"https://www.inaturalist.org/observations/242087845",4945665318,"Western toad",53.450317,-116.741212,0,-1310279.97541657,1727035.97610512
"Anaxyrus boreas (Baird & Girard, 1852)",2,"CA","Alberta",2024,"https://www.inaturalist.org/observations/242419567",4950005151,"Western toad",53.531312,-117.804283,0,-1374134.57960967,1751255.03703827
"Anaxyrus boreas boreas",35,"CA","Alberta",2024,"https://www.inaturalist.org/observations/242616446",4950150955,"Western toad",50.917966,-115.146211,0,-1270206.38267128,1416436.583651
"Anaxyrus boreas (Baird & Girard, 1852)",4,"CA","Alberta",2024,"https://www.inaturalist.org/observations/246101357",4952976721,"Western toad",54.030289,-115.837988,0,-1240102.85604205,1780612.70658565
"Anaxyrus boreas (Baird & Girard, 1852)",12,"CA","Alberta",2023,"https://www.inaturalist.org/observations/161798227",4116299355,"Western toad",53.317384,-113.953732,0,-1139371.14828567,1675897.73225102
"Anaxyrus boreas (Baird & Girard, 1852)",24,"CA","Alberta",2023,"https://www.inaturalist.org/observations/162808781",4121229649,"Western toad",53.461409,-117.807861,0,-1376206.49151714,1743405.55859339
"Anaxyrus boreas (Baird & Girard, 1852)",4,"US","Alberta",2023,"https://www.inaturalist.org/observations/162959841",4121184269,"Western toad",51.25825,-115.847328,0,-1307771.79047513,1464965.10951275
"Anaxyrus boreas (Baird & Girard, 1852)",11,"CA","Alberta",2023,"https://www.inaturalist.org/observations/163873082",4863499878,"Western toad",55.761155,-115.359878,0,-1170146.5449927,1969938.38613913
"Anaxyrus boreas (Baird & Girard, 1852)",4,"CA","Alberta",2023,"https://www.inaturalist.org/observations/164295207",4863763913,"Western toad",53.714337,-114.668603,0,-1175145.69614383,1729846.88625118
"Anaxyrus boreas (Baird & Girard, 1852)",586,"CA","Alberta",2023,"https://www.inaturalist.org/observations/167646310",4137779729,"Western toad",56.11518,-113.623174,0,-1058942.84714103,1989365.7334908
"Anaxyrus boreas boreas",505,"CA","Alberta",2023,"https://www.inaturalist.org/observations/165355738",4129785049,"Western toad",53.598733,-116.344275,0,-1281925.49785938,1738433.9053108
"Anaxyrus boreas (Baird & Girard, 1852)",5,"CA","Alberta",2023,"https://www.inaturalist.org/observations/166291860",4133592128,"Western toad",53.565895,-113.828313,0,-1126111.32163908,1702743.13107391
"Anaxyrus boreas (Baird & Girard, 1852)",24,"CA","Alberta",2023,"https://www.inaturalist.org/observations/166947789",4854933007,"Western toad",54.804378,-115.37894,0,-1193643.76609394,1862314.45706605
"Anaxyrus boreas (Baird & Girard, 1852)",997,"CA","Alberta",2023,"https://www.inaturalist.org/observations/167782776",4137810693,"Western toad",53.684895,-112.831311,0,-1061380.91631947,1704817.63873707
"Anaxyrus boreas (Baird & Girard, 1852)",31,"CA","Alberta",2023,"https://www.inaturalist.org/observations/167970280",4137951126,"Western toad",53.714622,-114.673744,0,-1175458.64492415,1729943.04052477
"Anaxyrus boreas (Baird & Girard, 1852)",4,"CA","Alberta",2023,"https://www.inaturalist.org/observations/167970283",4138082666,"Western toad",53.714623,-114.673734,0,-1175458.0009159,1729943.03027219
"Anaxyrus boreas (Baird & Girard, 1852)",66,"CA","Alberta",2023,"https://www.inaturalist.org/observations/168739036",4855216270,"Western toad",50.613355,-114.705161,0,-1248327.97399975,1375596.20242842
"Anaxyrus boreas (Baird & Girard, 1852)",4,"CA","Alberta",2023,"https://www.inaturalist.org/observations/169433631",4138670337,"Western toad",51.159492,-115.6734,0,-1298858.34292022,1451267.1808762
"Anaxyrus boreas (Baird & Girard, 1852)",24,"CA","Alberta",2023,"https://www.inaturalist.org/observations/169507010",4137782760,"Western toad",52.426359,-116.231169,0,-1303787.8255791,1603641.88435436
"Anaxyrus boreas (Baird & Girard, 1852)",5,"CA","Alberta",2023,"https://www.inaturalist.org/observations/170208464",4145437602,"Western toad",55.406875,-116.902237,0,-1270817.62872208,1949985.64574271
"Anaxyrus boreas (Baird & Girard, 1852)",4,"CA","Alberta",2023,"https://www.inaturalist.org/observations/170234274",4145568931,"Western toad",54.130675,-114.725328,0,-1169201.89291644,1777858.84428614
"Anaxyrus boreas (Baird & Girard, 1852)",70,"CA","Alberta",2023,"https://www.inaturalist.org/observations/170234289",4162047586,"Western toad",54.291439,-112.504472,0,-1028809.50156204,1770397.93092581
"Anaxyrus boreas (Baird & Girard, 1852)",10,"CA","Alberta",2023,"https://www.inaturalist.org/observations/170352540",4145542607,"Western toad",50.959187,-115.307175,0,-1279761.29225548,1423329.98202063
"Anaxyrus boreas (Baird & Girard, 1852)",55,"CA","Alberta",2023,"https://www.inaturalist.org/observations/170764119",4936556528,"Western toad",54.188277,-113.524844,0,-1093904.14035862,1770075.88361993
"Anaxyrus boreas (Baird & Girard, 1852)",8,"US","Alberta",2023,"https://www.inaturalist.org/observations/189409981",4852695274,"Western toad",53.55647,-116.767833,0,-1309256.61512211,1739432.70523495
"Anaxyrus boreas (Baird & Girard, 1852)",12,"CA","Alberta",2023,"https://www.inaturalist.org/observations/170459427",4145229724,"Western toad",51.25658,-115.840095,0,-1307342.77338879,1464674.21062248
"Anaxyrus boreas (Baird & Girard, 1852)",4,"CA","Alberta",2023,"https://www.inaturalist.org/observations/170460329",4875359990,"Western toad",51.25828,-115.838858,0,-1307221.13265635,1464851.72192288
"Anaxyrus boreas (Baird & Girard, 1852)",3,"CA","Alberta",2023,"https://www.inaturalist.org/observations/170945232",4145669361,"Western toad",52.133645,-116.86962,0,-1351730.83857537,1579245.09832331
"Anaxyrus boreas (Baird & Girard, 1852)",7,"CA","Alberta",2023,"https://www.inaturalist.org/observations/172342836",4153912588,"Western toad",51.116511,-115.107117,0,-1262994.18568535,1438689.59198881
"Anaxyrus boreas (Baird & Girard, 1852)",4,"US","Alberta",2023,"https://www.inaturalist.org/observations/172669030",4162015646,"Western toad",53.612203,-112.865862,0,-1065029.21973527,1696904.41897479
"Anaxyrus boreas (Baird & Girard, 1852)",356,"US","Alberta",2023,"https://www.inaturalist.org/observations/173434505",4162455116,"Western toad",50.869561,-115.348496,0,-1284589.7272112,1413609.28227858
"Anaxyrus boreas (Baird & Girard, 1852)",4,"US","Alberta",2023,"https://www.inaturalist.org/observations/173476161",4162485124,"Western toad",55.56003,-116.950128,0,-1269820.71831362,1967814.35084408
"Anaxyrus boreas (Baird & Girard, 1852)",10,"CA","Alberta",2023,"https://www.inaturalist.org/observations/173691238",4165378787,"Western toad",53.782963,-117.851762,0,-1370403.44888511,1780366.73366407
"Anaxyrus boreas (Baird & Girard, 1852)",9,"US","Alberta",2023,"https://www.inaturalist.org/observations/174177769",4165467986,"Western toad",51.318438,-116.190238,0,-1328538.53776149,1476618.48838507
"Anaxyrus boreas (Baird & Girard, 1852)",249,"CA","Alberta",2023,"https://www.inaturalist.org/observations/174559953",4165785160,"Western toad",53.567241,-113.830115,0,-1126194.58993692,1702917.99666942
"Anaxyrus boreas (Baird & Girard, 1852)",284,"CA","Alberta",2023,"https://www.inaturalist.org/observations/174714057",4165645858,"Western toad",50.934565,-115.15016,0,-1270074.75457338,1418393.98149861
"Anaxyrus boreas (Baird & Girard, 1852)",19,"CA","Alberta",2023,"https://www.inaturalist.org/observations/174731192",4171417722,"Western toad",53.483335,-113.616383,0,-1114650.96014931,1690822.02305852
"Anaxyrus boreas (Baird & Girard, 1852)",14,"CA","Alberta",2023,"https://www.inaturalist.org/observations/175323946",4171491847,"Western toad",53.024803,-114.138603,0,-1157428.42635657,1644741.16632812
"Anaxyrus boreas boreas",99,"CA","Alberta",2023,"https://www.inaturalist.org/observations/175446549",4171482129,"Western toad",54.610145,-113.331537,0,-1073104.45149812,1815826.3406324
"Anaxyrus boreas (Baird & Girard, 1852)",231,"CA","Alberta",2023,"https://www.inaturalist.org/observations/176375470",4171988957,"Western toad",50.643367,-114.653912,0,-1244264.3487241,1378372.08935718
"Anaxyrus boreas (Baird & Girard, 1852)",152,"US","Alberta",2023,"https://www.inaturalist.org/observations/176684973",4172224783,"Western toad",53.685253,-112.919869,0,-1066898.73520162,1705852.59664219
"Anaxyrus boreas (Baird & Girard, 1852)",15,"US","Alberta",2023,"https://www.inaturalist.org/observations/177456287",4176955283,"Western toad",50.602868,-114.737355,0,-1250689.86742631,1374815.18347755
"Anaxyrus boreas (Baird & Girard, 1852)",5,"US","Alberta",2023,"https://www.inaturalist.org/observations/178319237",4177583656,"Western toad",53.634731,-114.828261,0,-1186885.97346786,1722781.22730784
"Anaxyrus boreas (Baird & Girard, 1852)",31,"US","Alberta",2023,"https://www.inaturalist.org/observations/196064177",4510386102,"Western toad",53.054102,-117.318646,0,-1356416.72470151,1690243.34647384
"Anaxyrus boreas (Baird & Girard, 1852)",40,"CA","Alberta",2023,"https://www.inaturalist.org/observations/176869629",4172172588,"Western toad",52.640505,-114.726868,0,-1203262.75810202,1608178.53705982
"Anaxyrus boreas boreas",8,"CA","Alberta",2023,"https://www.inaturalist.org/observations/177296429",4176947586,"Western toad",52.640502,-114.726999,0,-1203271.13408603,1608179.85719049
"Anaxyrus boreas (Baird & Girard, 1852)",61,"CA","Alberta",2023,"https://www.inaturalist.org/observations/178113790",4177403254,"Western toad",52.642374,-114.726585,0,-1203202.0873195,1608388.40539585
"Anaxyrus boreas (Baird & Girard, 1852)",442,"US","Alberta",2023,"https://www.inaturalist.org/observations/178619155",4400165635,"Western toad",55.150252,-115.597412,0,-1198723.07225472,1904114.55026207
"Anaxyrus boreas (Baird & Girard, 1852)",4,"CA","Alberta",2023,"https://www.inaturalist.org/observations/178626355",4400326012,"Western toad",54.57337,-115.402345,0,-1200486.85635499,1836490.45514522
"Anaxyrus boreas (Baird & Girard, 1852)",100,"CA","Alberta",2023,"https://www.inaturalist.org/observations/178633430",4400064033,"Western toad",51.055391,-115.016427,0,-1258505.98880462,1430472.71151045
"Anaxyrus boreas (Baird & Girard, 1852)",104,"CA","Alberta",2023,"https://www.inaturalist.org/observations/178926219",4399938839,"Western toad",51.031377,-115.012232,0,-1258792.18195237,1427661.87398309
"Anaxyrus boreas (Baird & Girard, 1852)",169,"US","Alberta",2023,"https://www.inaturalist.org/observations/179084139",4400043670,"Western toad",51.033959,-115.048374,0,-1261092.53289613,1428438.45999317
"Anaxyrus boreas (Baird & Girard, 1852)",392,"CA","Alberta",2023,"https://www.inaturalist.org/observations/179685091",4400192496,"Western toad",53.624062,-112.872831,0,-1065221.01247984,1698337.02265746
"Anaxyrus boreas (Baird & Girard, 1852)",4,"CA","Alberta",2023,"https://www.inaturalist.org/observations/179861676",4405124143,"Western toad",51.042442,-115.026414,0,-1259460.26245871,1429119.74425742
"Anaxyrus boreas (Baird & Girard, 1852)",4,"US","Alberta",2023,"https://www.inaturalist.org/observations/179862625",4405268939,"Western toad",55.648842,-118.840355,0,-1379823.59126133,2004168.42273064
"Anaxyrus boreas (Baird & Girard, 1852)",184,"CA","Alberta",2023,"https://www.inaturalist.org/observations/179902500",4405121204,"Western toad",51.055231,-114.935985,0,-1253257.20577944,1429388.66819663
"Anaxyrus boreas (Baird & Girard, 1852)",73,"US","Alberta",2023,"https://www.inaturalist.org/observations/179909872",4405291591,"Western toad",51.054867,-114.934969,0,-1253199.31494261,1429333.46919051
"Anaxyrus boreas boreas",40,"US","Alberta",2023,"https://www.inaturalist.org/observations/179996718",4405239714,"Western toad",51.026949,-115.033131,0,-1260260.65557966,1427431.50651414
"Anaxyrus boreas (Baird & Girard, 1852)",12,"US","Alberta",2023,"https://www.inaturalist.org/observations/180050105",4405391335,"Western toad",55.638175,-118.8517,0,-1380788.2592542,2003143.27795651
"Anaxyrus boreas (Baird & Girard, 1852)",4,"CA","Alberta",2023,"https://www.inaturalist.org/observations/180375322",4405312107,"Western toad",51.043361,-115.02765,0,-1259519.52698967,1429241.60035282
"Anaxyrus boreas (Baird & Girard, 1852)",503,"CA","Alberta",2023,"https://www.inaturalist.org/observations/181486035",4407506063,"Western toad",53.955154,-117.243854,0,-1328493.7983679,1791158.39344029
"Anaxyrus boreas (Baird & Girard, 1852)",5,"CA","Alberta",2023,"https://www.inaturalist.org/observations/202861379",4597548137,"Western toad",52.786286,-117.871475,0,-1398098.61029079,1667918.03383035
"Anaxyrus boreas (Baird & Girard, 1852)",61,"US","Alberta",2023,"https://www.inaturalist.org/observations/205496887",4606915709,"Western toad",53.937173,-113.373581,0,-1089868.42152507,1739744.43465786
"Anaxyrus boreas (Baird & Girard, 1852)",12,"CA","Alberta",2023,"https://www.inaturalist.org/observations/181552559",4407584768,"Western toad",53.566508,-113.828287,0,-1126096.3979441,1702812.71124253
"Anaxyrus boreas (Baird & Girard, 1852)",5,"CA","Alberta",2022,"https://www.inaturalist.org/observations/115668761",3772858228,"Western toad",53.318367,-113.952872,0,-1139295.72730398,1675999.55501356
"Anaxyrus boreas boreas",317,"CA","Alberta",2022,"https://www.inaturalist.org/observations/117247145",3784656081,"Western toad",50.966369,-115.10543,0,-1266402.94355889,1421444.52439906
"Anaxyrus boreas (Baird & Girard, 1852)",32,"CA","Alberta",2022,"https://www.inaturalist.org/observations/117412054",3784870853,"Western toad",53.662807,-112.866701,0,-1064042.52436894,1702692.40167216
"Anaxyrus boreas (Baird & Girard, 1852)",16,"CA","Alberta",2022,"https://www.inaturalist.org/observations/117412130",3784695672,"Western toad",53.663394,-112.867979,0,-1064110.24165749,1702773.76993507
"Anaxyrus boreas (Baird & Girard, 1852)",4,"CA","Alberta",2022,"https://www.inaturalist.org/observations/117935708",3802608721,"Western toad",54.1889,-113.525297,0,-1093918.83891655,1770151.99152413
"Anaxyrus boreas (Baird & Girard, 1852)",4,"CA","Alberta",2022,"https://www.inaturalist.org/observations/118484111",3802564158,"Western toad",53.66617,-112.869562,0,-1064152.0422035,1703108.49797392
"Anaxyrus boreas boreas",307,"CA","Alberta",2022,"https://www.inaturalist.org/observations/118564396",3802617222,"Western toad",55.135195,-113.223608,0,-1055550.55636095,1874186.73366852
"Anaxyrus boreas (Baird & Girard, 1852)",87,"CA","Alberta",2022,"https://www.inaturalist.org/observations/118843096",3802476916,"Western toad",53.560186,-113.813131,0,-1125287.45157598,1701911.94069182
"Anaxyrus boreas (Baird & Girard, 1852)",5,"CA","Alberta",2022,"https://www.inaturalist.org/observations/118941299",3858409323,"Western toad",55.848295,-119.358578,0,-1404914.21761255,2034009.46119158
"Anaxyrus boreas (Baird & Girard, 1852)",9,"CA","Alberta",2022,"https://www.inaturalist.org/observations/118941742",3859035317,"Western toad",55.84826,-119.358672,0,-1404920.73630684,2034006.95826384
"Anaxyrus boreas boreas",40,"CA","Alberta",2022,"https://www.inaturalist.org/observations/119549960",3860178781,"Western toad",53.886177,-114.205195,0,-1142536.68780876,1743730.18902693
"Anaxyrus boreas (Baird & Girard, 1852)",23,"CA","Alberta",2022,"https://www.inaturalist.org/observations/120362107",3858484454,"Western toad",51.177125,-115.627158,0,-1295424.97562878,1452653.96578699
"Anaxyrus boreas boreas",11,"CA","Alberta",2022,"https://www.inaturalist.org/observations/121767165",3858551653,"Western toad",53.660167,-112.82637,0,-1061579.11195396,1701938.79407879
"Anaxyrus boreas boreas",47,"CA","Alberta",2022,"https://www.inaturalist.org/observations/120845430",3860477894,"Western toad",53.707261,-112.929527,0,-1067047.77255883,1708473.53145073
"Anaxyrus boreas boreas",52,"CA","Alberta",2022,"https://www.inaturalist.org/observations/121329983",3912184530,"Western toad",53.685743,-112.811068,0,-1060100.45933301,1704687.95519287
"Anaxyrus boreas (Baird & Girard, 1852)",42,"CA","Alberta",2022,"https://www.inaturalist.org/observations/122901845",3860087672,"Western toad",54.713508,-113.313845,0,-1069853.1189499,1827365.03582146
"Anaxyrus boreas (Baird & Girard, 1852)",3,"CA","Alberta",2022,"https://www.inaturalist.org/observations/123562387",3858569240,"Western toad",53.506354,-117.809714,0,-1375131.45019035,1748512.96628487
"Anaxyrus boreas (Baird & Girard, 1852)",671,"CA","Alberta",2022,"https://www.inaturalist.org/observations/127046987",3873139386,"Western toad",53.61545,-112.883812,0,-1066083.95700392,1697476.99203911
"Anaxyrus boreas (Baird & Girard, 1852)",24,"CA","Alberta",2022,"https://www.inaturalist.org/observations/162903165",4120890919,"Western toad",54.379315,-117.977868,0,-1362303.15257628,1849404.88882372
"Anaxyrus boreas (Baird & Girard, 1852)",51,"CA","Alberta",2022,"https://www.inaturalist.org/observations/162903799",4121470590,"Western toad",54.406153,-118.020536,0,-1364185.81459925,1853038.74906001
"Anaxyrus boreas (Baird & Girard, 1852)",21,"CA","Alberta",2022,"https://www.inaturalist.org/observations/124352750",3860728852,"Western toad",54.694997,-113.265822,0,-1067305.76286088,1824721.76600598
"Anaxyrus boreas (Baird & Girard, 1852)",43,"CA","Alberta",2022,"https://www.inaturalist.org/observations/125696046",4875239250,"Western toad",50.902969,-114.801054,0,-1247957.72824605,1410130.92317527
"Anaxyrus boreas (Baird & Girard, 1852)",6,"CA","Alberta",2022,"https://www.inaturalist.org/observations/126212429",3873127994,"Western toad",55.202358,-119.106047,0,-1407953.43272247,1958210.20843406
"Anaxyrus boreas (Baird & Girard, 1852)",4,"US","Alberta",2022,"https://www.inaturalist.org/observations/126526583",3873371796,"Western toad",52.030045,-114.857078,0,-1225584.83744407,1540059.59834174
"Anaxyrus boreas boreas",5,"US","Alberta",2022,"https://www.inaturalist.org/observations/126724527",4936234283,"Western toad",54.605878,-118.554992,0,-1391235.74133959,1883254.44249825
"Anaxyrus boreas (Baird & Girard, 1852)",61,"CA","Alberta",2022,"https://www.inaturalist.org/observations/127150586",3873077630,"Western toad",53.660542,-112.817667,0,-1061028.13426965,1701884.18247324
"Anaxyrus boreas boreas",10,"CA","Alberta",2022,"https://www.inaturalist.org/observations/128653472",3881896410,"Western toad",54.71892,-118.524078,0,-1386292.1506685,1895489.4893867
"Anaxyrus boreas (Baird & Girard, 1852)",3,"CA","Alberta",2022,"https://www.inaturalist.org/observations/129373692",3888859783,"Western toad",51.577103,-115.682608,0,-1289388.41021053,1499190.98766916
"Anaxyrus boreas (Baird & Girard, 1852)",61,"CA","Alberta",2022,"https://www.inaturalist.org/observations/129674634",3888896235,"Western toad",53.658888,-112.831252,0,-1061910.08182969,1701847.42425088
"Anaxyrus boreas (Baird & Girard, 1852)",204,"US","Alberta",2022,"https://www.inaturalist.org/observations/158517147",4102762143,"Western toad",50.948056,-114.696052,0,-1240044.20733966,1413930.52199563
"Anaxyrus boreas (Baird & Girard, 1852)",36,"CA","Alberta",2022,"https://www.inaturalist.org/observations/129470370",3888964901,"Western toad",53.677752,-112.819059,0,-1060762.67228371,1703864.91824438
"Anaxyrus boreas (Baird & Girard, 1852)",5,"CA","Alberta",2022,"https://www.inaturalist.org/observations/131000816",3902284417,"Western toad",55.085603,-119.52942,0,-1436529.01305209,1951514.9824841
"Anaxyrus boreas boreas",5,"CA","Alberta",2022,"https://www.inaturalist.org/observations/131472032",3903017061,"Western toad",54.606575,-112.474037,0,-1020632.22241606,1805950.97791558
"Anaxyrus boreas (Baird & Girard, 1852)",21,"CA","Alberta",2022,"https://www.inaturalist.org/observations/132105720",3903425555,"Western toad",51.02765,-115.033914,0,-1260295.43386083,1427522.34238888
"Anaxyrus boreas (Baird & Girard, 1852)",183,"US","Alberta",2022,"https://www.inaturalist.org/observations/132473182",4945545266,"Western toad",54.615673,-113.344281,0,-1073768.5088057,1816598.57407392
"Anaxyrus boreas (Baird & Girard, 1852)",37,"CA","Alberta",2022,"https://www.inaturalist.org/observations/132739473",3902406915,"Western toad",52.033523,-115.157982,0,-1244795.28494759,1544378.0933095
"Anaxyrus boreas boreas",16,"CA","Alberta",2022,"https://www.inaturalist.org/observations/139299392",3947145986,"Western toad",53.183772,-114.683363,0,-1188125.79448814,1669616.99243342
"Anaxyrus boreas (Baird & Girard, 1852)",44,"US","Alberta",2022,"https://www.inaturalist.org/observations/134050241",3903223840,"Western toad",51.039407,-114.766992,0,-1242584.12326288,1425347.95255943
"Anaxyrus boreas (Baird & Girard, 1852)",12,"CA","Alberta",2022,"https://www.inaturalist.org/observations/134647789",3903610962,"Western toad",54.045681,-113.323242,0,-1084461.56618354,1751527.56218809
"Anaxyrus boreas (Baird & Girard, 1852)",24,"CA","Alberta",2022,"https://www.inaturalist.org/observations/135328206",4936975323,"Western toad",53.552584,-113.913168,0,-1131697.51851975,1702236.10036924
"Anaxyrus boreas (Baird & Girard, 1852)",185,"US","Alberta",2022,"https://www.inaturalist.org/observations/135482677",3912370413,"Western toad",52.039081,-116.867482,0,-1354004.28126225,1568445.09147207
"Anaxyrus boreas (Baird & Girard, 1852)",26,"CA","Alberta",2022,"https://www.inaturalist.org/observations/136707941",4937097232,"Western toad",53.719881,-114.26995,0,-1150243.16391199,1725588.30392973
"Anaxyrus boreas (Baird & Girard, 1852)",10,"CA","Alberta",2021,"https://www.inaturalist.org/observations/81632560",3302354595,"Western toad",53.664262,-112.861197,0,-1063669.1077548,1702796.76599451
"Anaxyrus boreas boreas",136,"CA","Alberta",2021,"https://www.inaturalist.org/observations/81796209",3302292437,"Western toad",54.564078,-114.16345,0,-1125009.77196868,1820242.01394832
"Anaxyrus boreas boreas",237,"CA","Alberta",2021,"https://www.inaturalist.org/observations/81796427",3302492106,"Western toad",54.55883,-114.160073,0,-1124918.62438591,1819606.65076288
"Anaxyrus boreas boreas",100,"CA","Alberta",2021,"https://www.inaturalist.org/observations/81796702",3302304895,"Western toad",54.558342,-114.161236,0,-1125000.51896529,1819565.09640204
"Anaxyrus boreas boreas",140,"CA","Alberta",2021,"https://www.inaturalist.org/observations/82047693",3302559595,"Western toad",56.216748,-117.017754,0,-1257280.64557696,2042238.19027574
"Anaxyrus boreas (Baird & Girard, 1852)",24,"CA","Alberta",2021,"https://www.inaturalist.org/observations/83167908",4937107119,"Western toad",53.719862,-114.270253,0,-1150262.42555685,1725589.81754218
"Anaxyrus boreas boreas",6,"CA","Alberta",2021,"https://www.inaturalist.org/observations/84513266",3321193783,"Western toad",53.18373,-114.683517,0,-1188136.41658917,1669614.13508404
"Anaxyrus boreas (Baird & Girard, 1852)",670,"CA","Alberta",2021,"https://www.inaturalist.org/observations/84890546",4854858612,"Western toad",51.256686,-116.039806,0,-1320304.31303686,1467454.15247428
"Anaxyrus boreas (Baird & Girard, 1852)",44,"CA","Alberta",2021,"https://www.inaturalist.org/observations/98557348",3398869326,"Western toad",51.075814,-115.131021,0,-1265507.65733185,1434340.93972287
"Anaxyrus boreas (Baird & Girard, 1852)",122,"CA","Alberta",2021,"https://www.inaturalist.org/observations/104693311",3456661036,"Western toad",51.048014,-114.866825,0,-1248907.68468854,1427647.75505535
"Anaxyrus boreas (Baird & Girard, 1852)",25,"CA","Alberta",2021,"https://www.inaturalist.org/observations/85560133",3325489886,"Western toad",52.034928,-114.747488,0,-1218443.60691699,1539205.70000276
"Anaxyrus boreas boreas",30,"US","Alberta",2021,"https://www.inaturalist.org/observations/85690505",3325526002,"Western toad",54.18201,-113.507589,0,-1092972.5646191,1769163.81988451
"Anaxyrus boreas boreas",24,"CA","Alberta",2021,"https://www.inaturalist.org/observations/85703546",3325787041,"Western toad",54.47423,-113.796945,0,-1104517.1866266,1805734.7556698
"Anaxyrus boreas (Baird & Girard, 1852)",7,"CA","Alberta",2021,"https://www.inaturalist.org/observations/85921171",3325806244,"Western toad",53.894185,-114.895542,0,-1185113.69047375,1753115.88650572
"Anaxyrus boreas (Baird & Girard, 1852)",134,"CA","Alberta",2021,"https://www.inaturalist.org/observations/86207899",3325629560,"Western toad",50.790094,-114.890392,0,-1256426.60862828,1398349.0247205
"Anaxyrus boreas (Baird & Girard, 1852)",31,"CA","Alberta",2021,"https://www.inaturalist.org/observations/86330432",4936920872,"Western toad",53.719779,-114.27021,0,-1150261.59578872,1725579.84743158
"Anaxyrus boreas (Baird & Girard, 1852)",62,"CA","Alberta",2021,"https://www.inaturalist.org/observations/86583958",3327834003,"Western toad",51.401272,-115.801972,0,-1301357.40971563,1480707.25353112
"Anaxyrus boreas (Baird & Girard, 1852)",8,"CA","Alberta",2021,"https://www.inaturalist.org/observations/87086598",3328159573,"Western toad",54.255017,-114.624405,0,-1160172.53122097,1790732.28021683
"Anaxyrus boreas (Baird & Girard, 1852)",99,"US","Alberta",2021,"https://www.inaturalist.org/observations/87176586",3327950646,"Western toad",51.175729,-115.574187,0,-1292012.19380895,1451771.1716875
"Anaxyrus boreas (Baird & Girard, 1852)",82,"CA","Alberta",2021,"https://www.inaturalist.org/observations/87210709",3327810695,"Western toad",51.927801,-114.702474,0,-1218007.48654413,1526364.12226942
"Anaxyrus boreas (Baird & Girard, 1852)",122,"MX","Alberta",2021,"https://www.inaturalist.org/observations/88445041",3333095864,"Western toad",54.252936,-114.626624,0,-1160355.9852259,1790523.27737369
"Anaxyrus boreas (Baird & Girard, 1852)",156,"US","Alberta",2021,"https://www.inaturalist.org/observations/88794728",3333408226,"Western toad",53.360374,-114.220352,0,-1155130.00724725,1684027.70495224
"Anaxyrus boreas (Baird & Girard, 1852)",179,"US","Alberta",2021,"https://www.inaturalist.org/observations/88794768",3333128220,"Western toad",53.360569,-114.219421,0,-1155067.38601027,1684038.59422883
"Anaxyrus boreas (Baird & Girard, 1852)",296,"CA","Alberta",2021,"https://www.inaturalist.org/observations/88795933",3333150222,"Western toad",53.360247,-114.217371,0,-1154946.16818226,1683976.90394702
"Anaxyrus boreas (Baird & Girard, 1852)",310,"CA","Alberta",2021,"https://www.inaturalist.org/observations/88796015",3333094214,"Western toad",53.360194,-114.217118,0,-1154931.50215319,1683967.7787024
"Anaxyrus boreas (Baird & Girard, 1852)",188,"CA","Alberta",2021,"https://www.inaturalist.org/observations/88900158",3333214385,"Western toad",52.444852,-114.842008,0,-1215064.8253129,1587296.20750617
"Anaxyrus boreas (Baird & Girard, 1852)",117,"CA","Alberta",2021,"https://www.inaturalist.org/observations/88984512",3333443443,"Western toad",53.508059,-117.801914,0,-1374603.23358277,1748592.55645509
"Anaxyrus boreas (Baird & Girard, 1852)",862,"CA","Alberta",2021,"https://www.inaturalist.org/observations/88984886",3333435476,"Western toad",53.542989,-117.802389,0,-1373708.353751,1752547.26666343
"Anaxyrus boreas (Baird & Girard, 1852)",90,"US","Alberta",2021,"https://www.inaturalist.org/observations/89104392",3333536496,"Western toad",53.530401,-117.80451,0,-1374172.74043334,1751155.36818374
"Anaxyrus boreas (Baird & Girard, 1852)",48,"US","Alberta",2021,"https://www.inaturalist.org/observations/89104476",3333207559,"Western toad",53.508435,-117.801866,0,-1374590.31076391,1748634.35941347
"Anaxyrus boreas (Baird & Girard, 1852)",668,"CA","Alberta",2021,"https://www.inaturalist.org/observations/89280368",3335150780,"Western toad",50.848705,-115.337995,0,-1284397.14612231,1411074.65296021
"Anaxyrus boreas (Baird & Girard, 1852)",31,"US","Alberta",2021,"https://www.inaturalist.org/observations/89427646",3335395948,"Western toad",51.537363,-114.603734,0,-1220554.77370136,1480357.10373059
"Anaxyrus boreas (Baird & Girard, 1852)",14,"CA","Alberta",2021,"https://www.inaturalist.org/observations/89593517",3335094063,"Western toad",51.439438,-115.986512,0,-1312371.65515724,1487616.81910824
"Anaxyrus boreas (Baird & Girard, 1852)",8,"CA","Alberta",2021,"https://www.inaturalist.org/observations/90219375",3337766176,"Western toad",54.606492,-112.474121,0,-1020639.03192499,1805942.43847993
"Anaxyrus boreas (Baird & Girard, 1852)",24,"CA","Alberta",2021,"https://www.inaturalist.org/observations/98251049",4935984775,"Western toad",53.719795,-114.270209,0,-1150261.17817406,1725581.65666886
"Anaxyrus boreas (Baird & Girard, 1852)",395,"CA","Alberta",2021,"https://www.inaturalist.org/observations/126718216",3873395291,"Western toad",54.584917,-113.412432,0,-1078589.16955696,1813878.71325372
"Anaxyrus boreas (Baird & Girard, 1852)",6,"CA","Alberta",2021,"https://www.inaturalist.org/observations/89683457",3335181212,"Western toad",53.571103,-113.926637,0,-1132134.26259014,1704507.9499187
"Anaxyrus boreas (Baird & Girard, 1852)",4,"CA","Alberta",2021,"https://www.inaturalist.org/observations/89684214",3335442221,"Western toad",53.571095,-113.926613,0,-1132132.93953611,1704506.75140622
"Anaxyrus boreas boreas",24,"CA","Alberta",2021,"https://www.inaturalist.org/observations/89874004",3335498370,"Western toad",53.18377,-114.68348,0,-1188133.18377259,1669618.23084109
"Anaxyrus boreas (Baird & Girard, 1852)",41,"CA","Alberta",2021,"https://www.inaturalist.org/observations/90600525",3337671405,"Western toad",55.074994,-119.431639,0,-1430980.72647573,1948850.73236329
"Anaxyrus boreas (Baird & Girard, 1852)",51,"US","Alberta",2021,"https://www.inaturalist.org/observations/92180998",3343993970,"Western toad",50.791377,-114.587063,0,-1236483.83068032,1394508.10750304
"Anaxyrus boreas boreas",529,"US","Alberta",2021,"https://www.inaturalist.org/observations/92427747",3344054561,"Western toad",53.855721,-114.266037,0,-1146983.75431511,1740999.91655617
"Anaxyrus boreas (Baird & Girard, 1852)",71,"CA","Alberta",2021,"https://www.inaturalist.org/observations/93325795",3355567623,"Western toad",55.074798,-119.431398,0,-1430971.83632694,1948825.19108787
"Anaxyrus boreas boreas",541,"CA","Alberta",2021,"https://www.inaturalist.org/observations/95312137",3415776802,"Western toad",53.589862,-112.905949,0,-1067993.61699293,1694803.95559286
"Anaxyrus boreas (Baird & Girard, 1852)",26,"CA","Alberta",2021,"https://www.inaturalist.org/observations/99846645",4936729013,"Western toad",53.71986,-114.270258,0,-1150262.78087055,1725589.65053957
"Anaxyrus boreas boreas",353,"US","Alberta",2021,"https://www.inaturalist.org/observations/94783183",4018267488,"Western toad",53.702696,-114.874724,0,-1188216.65200571,1731092.37943479
"Anaxyrus boreas boreas",8,"CA","Alberta",2021,"https://www.inaturalist.org/observations/96444391",3385215505,"Western toad",53.641184,-112.926649,0,-1068229.71081413,1700897.71899524
"Anaxyrus boreas boreas",128,"CA","Alberta",2021,"https://www.inaturalist.org/observations/96477082",3384809557,"Western toad",54.666187,-114.197914,0,-1124867.77349452,1832229.95506282
"Anaxyrus boreas boreas",4,"US","Alberta",2020,"https://www.inaturalist.org/observations/168003457",4137852059,"Western toad",52.846119,-114.970764,0,-1213966.59229598,1634756.57168887
"Anaxyrus boreas boreas",9,"US","Alberta",2020,"https://www.inaturalist.org/observations/168003541",4138673614,"Western toad",52.879403,-114.874428,0,-1207117.64546063,1637323.10945537
"Anaxyrus boreas (Baird & Girard, 1852)",122,"CA","Alberta",2020,"https://www.inaturalist.org/observations/46241615",2626560486,"Western toad",55.347131,-114.722333,0,-1141462.72745251,1915523.24734517
"Anaxyrus boreas (Baird & Girard, 1852)",16,"CA","Alberta",2020,"https://www.inaturalist.org/observations/47454562",2634296791,"Western toad",54.767415,-113.398867,0,-1073912.00065561,1834445.72287038
"Anaxyrus boreas boreas",8,"CA","Alberta",2020,"https://www.inaturalist.org/observations/49544885",2802546147,"Western toad",54.991755,-113.661545,0,-1085144.66677341,1862877.29781193
"Anaxyrus boreas (Baird & Girard, 1852)",20,"CA","Alberta",2020,"https://www.inaturalist.org/observations/48566955",4937071604,"Western toad",53.719841,-114.270157,0,-1150256.92309654,1725586.26215783
"Anaxyrus boreas (Baird & Girard, 1852)",113,"CA","Alberta",2020,"https://www.inaturalist.org/observations/49348097",2802538890,"Western toad",53.673124,-112.819371,0,-1060876.89650232,1703339.96712478
"Anaxyrus boreas boreas",8,"US","Alberta",2020,"https://www.inaturalist.org/observations/49681047",2803127869,"Western toad",53.566955,-113.828011,0,-1126069.47202936,1702860.3957514
"Anaxyrus boreas (Baird & Girard, 1852)",61,"CA","Alberta",2020,"https://www.inaturalist.org/observations/51247392",2814343424,"Western toad",55.271466,-114.779585,0,-1146621.78911333,1907673.75905884
"Anaxyrus boreas (Baird & Girard, 1852)",526,"CA","Alberta",2020,"https://www.inaturalist.org/observations/53223401",2818637481,"Western toad",53.661448,-112.831607,0,-1061879.78900241,1702143.7232886
"Anaxyrus boreas (Baird & Girard, 1852)",4,"CA","Alberta",2020,"https://www.inaturalist.org/observations/86002701",3325762386,"Western toad",51.359822,-115.74288,0,-1298532.75316263,1475153.89454408
"Anaxyrus boreas (Baird & Girard, 1852)",244,"US","Alberta",2020,"https://www.inaturalist.org/observations/92037851",3343831123,"Western toad",50.636394,-114.665676,0,-1245198.75799743,1377725.0527312
"Anaxyrus boreas boreas",22,"CA","Alberta",2020,"https://www.inaturalist.org/observations/52973113",2818566200,"Western toad",53.641927,-112.956256,0,-1070062.90130923,1701316.45963497
"Anaxyrus boreas boreas",18,"CA","Alberta",2020,"https://www.inaturalist.org/observations/53201701",2818640576,"Western toad",53.641881,-112.956215,0,-1070061.29108116,1701310.7450112
"Anaxyrus boreas (Baird & Girard, 1852)",23,"CA","Alberta",2020,"https://www.inaturalist.org/observations/54766989",2826221633,"Western toad",53.576845,-116.500823,0,-1292181.21410913,1738077.97885336
"Anaxyrus boreas (Baird & Girard, 1852)",244,"CA","Alberta",2020,"https://www.inaturalist.org/observations/55308009",2850967032,"Western toad",55.522584,-114.906088,0,-1148518.94807556,1937530.5470236
"Anaxyrus boreas (Baird & Girard, 1852)",244,"CA","Alberta",2020,"https://www.inaturalist.org/observations/55308011",2850977059,"Western toad",55.522481,-114.905967,0,-1148514.04157255,1937517.4722516
"Anaxyrus boreas (Baird & Girard, 1852)",488,"US","Alberta",2020,"https://www.inaturalist.org/observations/65857727",2992675853,"Western toad",55.542357,-114.83918,0,-1144059.28397484,1938950.10242258
"Anaxyrus boreas (Baird & Girard, 1852)",5,"CA","Alberta",2020,"https://www.inaturalist.org/observations/57513303",2856694152,"Western toad",53.456753,-113.617622,0,-1115298.71577183,1687803.46263087
"Anaxyrus boreas boreas",17,"CA","Alberta",2020,"https://www.inaturalist.org/observations/57703799",2856715455,"Western toad",53.687772,-112.805086,0,-1059685.69199747,1704852.7463817
"Anaxyrus boreas boreas",10,"CA","Alberta",2020,"https://www.inaturalist.org/observations/57704176",2856712422,"Western toad",53.686412,-112.808198,0,-1059907.69123354,1704732.25081786
"Anaxyrus boreas boreas",46,"CA","Alberta",2020,"https://www.inaturalist.org/observations/57704486",2856795425,"Western toad",53.68505,-112.810843,0,-1060100.60069894,1704606.3118348
"Anaxyrus boreas boreas",17,"CA","Alberta",2020,"https://www.inaturalist.org/observations/57758787",2856852440,"Western toad",53.684833,-112.810324,0,-1060072.65636806,1704575.73082937
"Anaxyrus boreas (Baird & Girard, 1852)",55,"CA","Alberta",2020,"https://www.inaturalist.org/observations/60126295",4936160200,"Western toad",53.719855,-114.270128,0,-1150254.80896233,1725587.50398102
"Anaxyrus boreas (Baird & Girard, 1852)",24,"CA","Alberta",2020,"https://www.inaturalist.org/observations/60126339",4936385616,"Western toad",53.719855,-114.270181,0,-1150258.10433249,1725588.14706552
"Anaxyrus boreas (Baird & Girard, 1852)",24,"CA","Alberta",2020,"https://www.inaturalist.org/observations/60127854",4936352286,"Western toad",53.719828,-114.270176,0,-1150258.39324857,1725585.01283402
"Anaxyrus boreas boreas",130,"US","Alberta",2020,"https://www.inaturalist.org/observations/104362653",3466124576,"Western toad",53.656637,-112.834857,0,-1062181.26355151,1701630.77160451
"Anaxyrus boreas (Baird & Girard, 1852)",5,"CA","Alberta",2020,"https://www.inaturalist.org/observations/59566555",2864697211,"Western toad",53.566003,-114.500672,0,-1168047.3694901,1710891.11853517
"Anaxyrus boreas (Baird & Girard, 1852)",35,"CA","Alberta",2020,"https://www.inaturalist.org/observations/60047061",4936404581,"Western toad",53.719825,-114.270146,0,-1150256.5945881,1725584.30731657
"Anaxyrus boreas (Baird & Girard, 1852)",24,"CA","Alberta",2020,"https://www.inaturalist.org/observations/60047073",4935630536,"Western toad",53.719602,-114.270037,0,-1150254.77118202,1725557.59937508
"Anaxyrus boreas (Baird & Girard, 1852)",5,"CA","Alberta",2019,"https://www.inaturalist.org/observations/27585081",2273281176,"Western toad",51.230592,-115.523675,0,-1287412.51256452,1457368.24047131
"Anaxyrus boreas (Baird & Girard, 1852)",6,"CA","Alberta",2019,"https://www.inaturalist.org/observations/27736763",2294431297,"Western toad",51.680152,-114.753858,0,-1226995.67117171,1498661.59973856
"Anaxyrus boreas (Baird & Girard, 1852)",637,"US","Alberta",2019,"https://www.inaturalist.org/observations/28148383",2283145864,"Western toad",52.438723,-116.171952,0,-1299725.11569801,1604237.31896547
"Anaxyrus boreas (Baird & Girard, 1852)",12,"CA","Alberta",2019,"https://www.inaturalist.org/observations/28194936",2283158651,"Western toad",53.511997,-115.589775,0,-1237140.73760389,1718564.82517769
"Anaxyrus boreas (Baird & Girard, 1852)",88,"CA","Alberta",2019,"https://www.inaturalist.org/observations/30118625",2331880561,"Western toad",50.715864,-115.109315,0,-1272532.28439758,1392745.60831107
"Anaxyrus boreas (Baird & Girard, 1852)",66,"CA","Alberta",2019,"https://www.inaturalist.org/observations/28375727",2283210559,"Western toad",53.470397,-117.79294,0,-1375043.74639713,1744205.12636304
"Anaxyrus boreas boreas",132,"CA","Alberta",2019,"https://www.inaturalist.org/observations/29208020",2294598832,"Western toad",53.685588,-112.81186,0,-1060153.04985445,1704679.11408702
"Anaxyrus boreas (Baird & Girard, 1852)",6,"CA","Alberta",2019,"https://www.inaturalist.org/observations/29221293",2294602455,"Western toad",53.68625,-112.80839,0,-1059922.98590527,1704715.90020829
"Anaxyrus boreas (Baird & Girard, 1852)",6,"CA","Alberta",2019,"https://www.inaturalist.org/observations/29221455",2294602300,"Western toad",53.686871,-112.807639,0,-1059863.42078131,1704778.40997874
"Anaxyrus boreas boreas",24,"CA","Alberta",2019,"https://www.inaturalist.org/observations/34321563",2429577041,"Western toad",51.937053,-114.515595,0,-1205783.20066966,1525034.61391865
"Anaxyrus boreas (Baird & Girard, 1852)",180,"CA","Alberta",2019,"https://www.inaturalist.org/observations/51464003",2814379733,"Western toad",53.473117,-117.794135,0,-1375045.84857858,1744529.95145919
"Anaxyrus boreas (Baird & Girard, 1852)",309,"US","Alberta",2019,"https://www.inaturalist.org/observations/30275337",2331921172,"Western toad",50.931795,-115.15708,0,-1270592.54986074,1418168.90531478
"Anaxyrus boreas (Baird & Girard, 1852)",122,"CA","Alberta",2019,"https://www.inaturalist.org/observations/30277373",2331923801,"Western toad",55.025308,-119.196482,0,-1418296.32741606,1939761.83811873
"Anaxyrus boreas (Baird & Girard, 1852)",5,"CA","Alberta",2019,"https://www.inaturalist.org/observations/31060017",2366084210,"Western toad",53.575194,-114.731096,0,-1182197.2614945,1714793.61719432
"Anaxyrus boreas (Baird & Girard, 1852)",10,"US","Alberta",2019,"https://www.inaturalist.org/observations/32115255",2422904019,"Western toad",54.957747,-119.069876,0,-1412586.2354537,1930312.26353725
"Anaxyrus boreas (Baird & Girard, 1852)",53,"CA","Alberta",2019,"https://www.inaturalist.org/observations/32710897",2573806171,"Western toad",53.140789,-114.607089,0,-1184312.36139589,1663762.25516155
"Anaxyrus boreas (Baird & Girard, 1852)",34,"US","Alberta",2019,"https://www.inaturalist.org/observations/41558247",2597873634,"Western toad",54.957799,-119.069729,0,-1412575.96793453,1930315.89320263
"Anaxyrus boreas (Baird & Girard, 1852)",30,"US","Alberta",2018,"https://www.inaturalist.org/observations/32490281",2423006892,"Western toad",53.568506,-113.827508,0,-1126004.42466718,1703031.2518544
"Anaxyrus boreas boreas",123,"CA","Alberta",2018,"https://www.inaturalist.org/observations/80999899",3302180447,"Western toad",56.216136,-117.019454,0,-1257396.08326202,2042192.3550467
"Anaxyrus boreas (Baird & Girard, 1852)",667,"CA","Alberta",2018,"https://www.inaturalist.org/observations/21888240",2397466295,"Western toad",54.633858,-118.683976,0,-1398273.71282665,1888292.65522248
"Anaxyrus boreas (Baird & Girard, 1852)",72,"CA","Alberta",2018,"https://www.inaturalist.org/observations/31795904",2397634009,"Western toad",56.708558,-115.464582,0,-1154264.21423022,2077456.59001077
"Anaxyrus boreas (Baird & Girard, 1852)",61,"US","Alberta",2017,"https://www.inaturalist.org/observations/205217302",4607058341,"Western toad",53.366494,-114.421784,0,-1167602.82398042,1687193.05171166
"Anaxyrus boreas (Baird & Girard, 1852)",31,"US","Alberta",2017,"https://www.inaturalist.org/observations/9463309",1901091364,"Western toad",50.980165,-115.355287,0,-1282407.89293865,1426385.8214005
"Anaxyrus boreas (Baird & Girard, 1852)",977,"US","Alberta",2016,"https://www.inaturalist.org/observations/149981333",4054860614,"Western toad",52.460111,-116.121708,0,-1296011.43222838,1605986.26338692
"Anaxyrus boreas (Baird & Girard, 1852)",8,"CA","Alberta",2016,"https://www.inaturalist.org/observations/3905744",1901089013,"Western toad",51.942742,-114.248735,0,-1188494.30775656,1522316.43789986
"Anaxyrus boreas boreas",244,"CA","Alberta",2016,"https://www.inaturalist.org/observations/73571131",3090710273,"Western toad",54.442106,-114.411477,0,-1142900.50930989,1809373.11782372
"Anaxyrus boreas (Baird & Girard, 1852)",488,"CA","Alberta",2015,"https://www.inaturalist.org/observations/35180997",2451690093,"Western toad",55.495409,-114.910603,0,-1149408.82958141,1934522.24989069
"Anaxyrus boreas (Baird & Girard, 1852)",244,"CA","Alberta",2015,"https://www.inaturalist.org/observations/97306761",3384190412,"Western toad",54.713966,-113.281909,0,-1067892.0800604,1827056.95506275
"Anaxyrus boreas boreas",31,"US","Alberta",2013,"https://www.inaturalist.org/observations/39213388",2576441187,"Western toad",53.618482,-112.8714,0,-1065246.24654307,1697683.71633151
"Anaxyrus boreas boreas",31,"US","Alberta",2013,"https://www.inaturalist.org/observations/170977055",4153983496,"Western toad",53.673844,-112.832041,0,-1061652.88811297,1703564.01883668
"Anaxyrus boreas boreas",488,"US","Alberta",2012,"https://www.inaturalist.org/observations/205770804",4606719568,"Western toad",51.712032,-114.573792,0,-1214641.29324718,1499995.9231733
"Anaxyrus boreas (Baird & Girard, 1852)",110,"US","Alberta",2011,"https://www.inaturalist.org/observations/223395077",4901317776,"Western toad",53.669543,-112.8727,0,-1064278.61891862,1703528.84158774
"Anaxyrus boreas (Baird & Girard, 1852)",178,"CA","Alberta",2011,"https://www.inaturalist.org/observations/164049759",4126888813,"Western toad",52.75252,-114.746397,0,-1201938.41538789,1621216.77701585
"Anaxyrus boreas boreas",15,"US","Alberta",2011,"https://www.inaturalist.org/observations/139871848",3947818708,"Western toad",53.674857,-112.830776,0,-1061553.18633463,1703665.51875821
"Anaxyrus boreas (Baird & Girard, 1852)",122,"CA","Alberta",2009,"https://www.inaturalist.org/observations/198422591",4519232452,"Western toad",54.444944,-114.407078,0,-1142567.57256648,1809642.02420398
"Anaxyrus boreas (Baird & Girard, 1852)",488,"CA","Alberta",2009,"https://www.inaturalist.org/observations/198422440",4519286351,"Western toad",53.206606,-114.9353,0,-1203408.35701101,1675396.83955955
"Anaxyrus boreas (Baird & Girard, 1852)",61,"US","Alberta",2008,"https://www.inaturalist.org/observations/248459567",4973992565,"Western toad",53.26796,-114.533378,0,-1176809.5053472,1677342.43465103
"Anaxyrus boreas (Baird & Girard, 1852)",7,"CA","Alberta",2008,"https://www.inaturalist.org/observations/126718505",3873871305,"Western toad",54.585389,-113.414084,0,-1078680.38595319,1813951.12394476
"Anaxyrus boreas (Baird & Girard, 1852)",179,"CA","Alberta",2004,"https://www.inaturalist.org/observations/51829362",2814470662,"Western toad",51.169071,-115.591522,0,-1293299.96982022,1451244.89811868
"Anaxyrus boreas (Baird & Girard, 1852)",244,"CA","Alberta",2004,"https://www.inaturalist.org/observations/143442479",3988603838,"Western toad",51.763837,-114.713658,0,-1222482.16023426,1507729.72890168
"Anaxyrus boreas boreas",61,"CA","Alberta",2000,"https://www.inaturalist.org/observations/40259429",2802601583,"Western toad",53.56544,-113.829214,0,-1126177.43309346,1702701.95906358
"Anaxyrus boreas (Baird & Girard, 1852)",61,"CA","Alberta",1997,"https://www.inaturalist.org/observations/40259560",2823332372,"Western toad",50.657972,-115.112024,0,-1274068.78090971,1386134.89980532
